<?xml version="1.0" encoding="UTF-8"?>
<!DOCTYPE xml>
<semantics>
  <t id="semantics" pk="id" columns="id,smtc,tabl,pk,args">
  <!-- smtc: semantics type, e.g. auto: auto increase key.
			see javadoc: https://odys-z.github.io/javadoc/semantic.DA/io/odysz/semantic/DASemantics.smtype.html 
		tabl: database table name
		pk:
		args: arguments for sementics handlers. For args for different handlers, see above javadoc link.
   -->
  	<s>
  		<id>log.01</id>
 		<smtc>a-k</smtc>
  		<tabl>a_logs</tabl>
  		<pk>logId</pk>
  		<args>logId</args>
  	</s>

  	<s>
  		<id>log.02</id>
 		<smtc>o-t</smtc>
  		<tabl>a_logs</tabl>
  		<pk>logId</pk>
  		<args>oper,logTime</args>
  	</s>
  </t>
</semantics>