<?xml version="1.0" encoding="UTF-8"?>
<!DOCTYPE xml>
<semantics>
  <t id="semantics" pk="id" columns="id,smtc,tabl,pk,args">
  <!-- smtc: semantics type, e.g. auto: auto increase key.
			see javadoc: https://odys-z.github.io/javadoc/semantic.DA/io/odysz/semantic/DASemantics.smtype.html 
		tabl: database table name
		pk:
		args: arguments for sementics handlers. For args for different handlers, see above javadoc link.
   -->
	<!-- vector: auto pk -->
	<s>
		<id>vec.01</id>
		<smtc>autopk</smtc>
		<tabl>vector</tabl>
		<pk>vid</pk>
		<args>vid</args>
	</s>

	<s>
  		<id>vec.02</id>
  		<smtc>a-k</smtc>
  		<tabl>indicators</tabl>
  		<pk>indId</pk>
  		<args>indId</args>
  	</s>


	<s>
  		<id>vec.03</id>
  		<smtc>fullpath</smtc>
  		<tabl>indicators</tabl>
  		<pk>indId</pk>
  		<args>parent,sort,fullpath</args>
  	</s>

  </t>
</semantics>